"시도","시군구","성별","문화예술(D-1)","구직(D-10)","유학(D-2)","기술연수(D-3)","일반연수(D-4)","취재(D-5)","종교(D-6)","주재(D-7)","기업투자(D-8)","무역경영(D-9)","교수(E-1)","선원취업(E-10)","회화(E-2)","연구(E-3)","기술지도(E-4)","전문직업(E-5)","예술흥행(E-6)","특정활동(E-7)","비전문취업(E-9)","방문동거(F-1)","거주(F-2)","동반(F-3)","영주(F-5)","결혼이민(F-6)","기타(G-1)","관광취업(H-1)","방문취업(H-2)","기타"
"강원도","강릉시","남","0","4","126","0","114","0","1","5","3","1","1","104","28","4","0","0","6","43","224","88","13","11","69","23","13","0","50","0"
"강원도","강릉시","여","0","1","151","0","59","1","0","1","0","0","0","0","33","3","0","0","9","17","35","143","22","33","121","309","4","0","31","0"
"강원도","고성군","남","0","0","320","0","24","0","0","0","0","0","5","145","3","0","0","0","0","0","123","11","0","0","2","2","2","0","4","0"
"강원도","고성군","여","0","0","53","0","36","0","0","0","0","0","4","0","7","0","0","0","0","0","9","19","1","0","12","54","2","0","4","0"
"강원도","동해시","남","0","0","3","0","4","0","0","1","1","2","1","110","9","2","0","1","0","8","270","46","3","6","11","9","0","0","23","0"
"강원도","동해시","여","0","0","2","0","7","0","2","0","0","0","0","0","14","0","0","0","5","1","3","64","4","3","37","144","1","0","9","0"
"강원도","삼척시","남","0","2","21","0","46","0","0","0","3","0","4","99","8","0","0","0","0","9","187","37","2","4","13","2","2","0","9","0"
"강원도","삼척시","여","0","1","30","0","47","0","1","0","0","0","2","0","9","0","0","0","1","4","5","56","13","5","44","149","0","0","9","1"
"강원도","속초시","남","0","2","11","0","52","0","0","1","1","0","0","256","9","0","0","0","1","1","131","27","2","0","26","11","3","0","23","1"
"강원도","속초시","여","0","0","9","0","48","0","1","0","0","0","0","0","14","0","0","0","2","1","56","38","5","2","60","127","0","0","18","1"
"강원도","양구군","남","0","0","0","0","0","0","1","0","0","0","0","0","6","0","0","0","0","0","64","16","1","0","1","2","0","0","10","0"
"강원도","양구군","여","0","0","0","0","0","0","0","0","0","0","0","0","5","0","0","0","0","0","23","19","1","0","42","65","0","0","7","0"
"강원도","양양군","남","0","1","0","0","0","0","0","0","0","0","0","29","7","0","0","0","1","4","94","8","0","0","6","2","0","0","4","0"
"강원도","양양군","여","0","0","1","0","0","0","0","0","0","0","0","0","7","0","0","0","1","0","14","18","1","1","25","57","0","0","2","0"
"강원도","영월군","남","0","0","0","0","0","0","0","0","0","0","1","0","5","0","0","0","1","0","38","16","0","0","5","3","0","0","12","0"
"강원도","영월군","여","0","0","1","0","0","0","0","0","0","0","0","0","8","0","0","0","1","0","6","36","5","2","20","94","1","0","5","0"
"강원도","원주시","남","0","3","157","6","64","0","0","1","2","1","4","0","51","9","0","0","2","52","800","144","19","13","131","69","38","0","168","1"
"강원도","원주시","여","0","6","169","0","84","0","4","0","0","0","2","0","74","3","0","0","1","16","66","239","41","17","246","439","2","0","133","0"
"강원도","인제군","남","0","0","0","0","0","0","0","0","0","0","0","0","6","0","0","0","0","1","97","21","0","0","6","2","3","0","10","0"
"강원도","인제군","여","0","0","0","0","1","0","1","0","0","0","0","0","8","0","0","0","0","1","41","32","3","0","21","59","1","0","5","0"
"강원도","정선군","남","0","0","0","0","0","0","1","0","0","0","0","0","4","0","0","0","0","1","31","22","1","0","6","5","0","0","4","0"
"강원도","정선군","여","0","0","1","0","0","0","0","0","0","0","0","0","8","0","0","0","1","0","1","37","6","0","33","89","2","0","3","0"
"강원도","철원군","남","0","0","0","0","0","0","3","0","0","0","0","0","3","0","0","0","0","0","421","23","3","0","6","2","3","0","10","0"
"강원도","철원군","여","0","0","0","0","0","0","1","0","0","0","0","0","4","0","0","0","0","0","79","38","8","0","28","99","1","0","4","0"
"강원도","춘천시","남","0","22","441","7","494","0","4","3","1","0","9","0","27","30","1","0","0","47","233","119","30","73","69","55","27","1","64","1"
"강원도","춘천시","여","0","25","559","2","267","0","0","1","2","0","6","0","45","9","0","0","3","7","52","195","38","96","165","398","7","2","41","0"
"강원도","태백시","남","0","0","0","0","0","0","1","0","0","0","0","0","8","1","0","0","1","4","27","18","1","0","12","4","0","0","2","0"
"강원도","태백시","여","0","0","0","0","0","0","2","0","0","0","0","0","9","0","0","0","9","0","7","33","4","5","28","74","0","0","4","0"
"강원도","평창군","남","0","0","4","0","0","3","1","0","9","0","0","0","9","4","0","0","1","13","100","36","6","3","6","5","2","1","33","0"
"강원도","평창군","여","0","2","4","0","1","1","0","0","1","0","0","0","10","2","0","0","0","3","20","47","11","10","42","95","1","1","12","1"
"강원도","홍천군","남","0","0","3","2","0","0","4","0","0","0","0","0","8","0","0","0","1","7","415","50","2","0","11","9","2","0","41","0"
"강원도","홍천군","여","0","0","1","0","0","0","2","0","0","0","0","0","10","1","0","0","1","0","68","75","6","0","52","146","1","0","26","1"
"강원도","화천군","남","0","0","0","0","0","0","0","0","0","0","0","0","4","0","0","0","0","1","74","14","1","0","2","0","0","0","4","0"
"강원도","화천군","여","0","0","0","0","0","0","0","0","0","0","0","0","7","0","0","0","0","1","16","18","2","0","18","64","0","0","2","2"
"강원도","횡성군","남","0","0","4","5","2","0","0","0","0","0","0","0","4","1","0","0","0","1","253","48","1","0","8","6","5","0","20","0"
"강원도","횡성군","여","0","0","1","2","1","0","1","0","0","0","0","0","5","0","0","0","0","0","37","69","4","0","27","105","1","0","20","0"
"경기도","가평군","남","0","0","19","0","3","0","7","0","0","0","1","0","12","0","0","0","3","11","119","47","28","18","69","32","2","0","65","0"
"경기도","가평군","여","0","3","16","0","9","0","5","0","0","0","0","0","18","0","0","0","0","3","9","75","24","26","170","191","1","6","51","0"
"경기도","고양시 덕양구","남","0","22","81","1","23","0","2","1","7","4","3","0","21","3","0","5","7","71","713","184","92","24","344","115","155","0","507","4"
"경기도","고양시 덕양구","여","0","24","140","0","34","0","0","0","0","1","0","0","22","0","0","0","9","47","152","280","122","37","511","701","27","4","407","2"
"경기도","고양시 일산동구","남","0","8","39","0","7","0","1","2","30","6","11","0","72","8","0","12","3","153","1073","103","69","47","226","123","85","1","289","3"
"경기도","고양시 일산동구","여","0","12","50","0","12","0","1","0","6","0","3","0","65","0","0","0","6","26","172","159","79","106","310","418","17","6","279","1"
"경기도","고양시 일산서구","남","0","7","27","0","17","0","8","0","6","2","1","0","20","1","0","0","8","57","327","126","55","29","269","89","47","2","532","2"
"경기도","고양시 일산서구","여","0","12","25","0","20","0","7","0","0","2","1","0","24","0","0","0","2","6","61","187","63","22","363","365","16","2","431","4"
"경기도","과천시","남","0","1","3","0","1","0","4","2","1","0","0","0","1","0","0","0","5","16","9","7","3","4","18","10","0","0","10","0"
"경기도","과천시","여","0","0","5","0","0","0","1","0","0","0","0","0","2","0","0","0","0","2","5","13","1","9","24","38","0","0","12","4"
"경기도","광명시","남","0","3","8","2","4","1","5","1","14","1","2","0","14","0","0","0","1","36","201","347","129","15","650","153","33","0","1280","3"
"경기도","광명시","여","0","5","18","0","4","0","2","0","1","0","0","0","27","1","0","0","2","10","11","425","165","13","762","558","8","2","926","0"
"경기도","광주시","남","0","10","68","3","229","0","4","3","25","6","2","0","12","0","0","0","0","55","6048","326","86","33","389","154","186","0","954","0"
"경기도","광주시","여","1","2","68","1","215","0","1","0","1","3","0","0","16","0","0","0","1","11","744","477","130","40","528","827","33","1","730","1"
"경기도","구리시","남","0","4","5","0","4","0","1","1","2","0","1","0","21","1","0","0","6","30","190","57","22","14","90","37","20","0","132","0"
"경기도","구리시","여","0","1","7","0","7","0","4","0","0","0","0","0","24","0","0","0","0","2","17","99","32","16","204","256","7","0","103","0"
"경기도","군포시","남","0","5","62","9","49","0","2","0","10","1","8","0","31","2","0","0","0","44","579","343","142","7","684","197","100","1","1325","0"
"경기도","군포시","여","0","6","69","11","42","0","0","0","0","1","1","0","32","1","0","0","2","5","92","455","192","29","769","475","24","3","972","1"
"경기도","김포시","남","0","11","29","3","114","0","0","0","12","5","1","11","32","0","0","1","2","73","11046","381","140","29","530","286","218","0","1486","6"
"경기도","김포시","여","0","18","67","9","152","0","0","0","2","1","0","0","43","0","0","0","5","14","416","536","172","37","574","911","47","4","915","1"
"경기도","남양주시","남","0","9","17","2","55","0","6","0","17","3","4","0","53","1","0","0","9","55","2921","251","46","16","223","156","122","0","271","1"
"경기도","남양주시","여","0","5","13","0","48","0","2","0","4","0","0","0","46","1","0","0","14","5","293","353","82","30","495","992","15","1","162","0"
"경기도","동두천시","남","0","3","15","4","24","0","6","0","31","24","0","0","7","0","0","0","17","7","522","92","33","46","76","89","602","0","92","153"
"경기도","동두천시","여","0","6","15","6","4","0","0","0","3","2","0","0","6","0","0","0","369","2","32","120","39","56","120","276","124","0","66","106"
"경기도","부천시","남","0","30","172","9","141","0","14","0","19","3","9","7","46","1","0","3","12","104","1965","1092","553","63","2357","610","136","8","3715","1"
"경기도","부천시","여","0","66","223","6","131","0","5","0","4","1","2","0","86","0","0","0","3","51","252","1475","652","73","2601","1931","62","67","2583","1"
"경기도","성남시 분당구","남","1","8","49","0","20","0","4","48","236","2","9","0","148","86","1","2","9","300","44","82","58","91","150","168","10","8","85","18"
"경기도","성남시 분당구","여","6","8","117","0","15","0","4","3","14","0","4","0","178","4","0","0","1","87","19","93","61","240","247","328","7","6","87","13"
"경기도","성남시 수정구","남","0","21","413","1","131","0","1","0","4","1","13","0","12","8","3","0","0","83","131","446","215","26","907","180","27","0","2601","18"
"경기도","성남시 수정구","여","0","18","472","0","118","0","2","0","0","0","4","0","7","1","0","0","0","58","19","593","279","47","1015","563","6","2","2038","14"
"경기도","성남시 중원구","남","0","1","10","4","17","0","0","0","7","1","6","0","2","5","0","0","0","48","273","168","62","7","234","74","28","0","597","1"
"경기도","성남시 중원구","여","0","7","19","23","16","0","1","0","0","0","0","0","2","0","0","0","0","7","37","240","90","19","361","440","3","3","446","0"
"경기도","수원시 권선구","남","0","6","23","0","25","0","2","0","13","5","3","0","11","8","0","0","0","59","505","479","200","28","1042","225","68","3","2287","5"
"경기도","수원시 권선구","여","0","14","40","0","15","0","0","0","4","0","2","0","17","0","0","0","0","16","66","668","284","31","1112","746","12","6","1569","3"
"경기도","수원시 영통구","남","1","58","620","2","260","0","1","80","28","0","14","0","67","326","0","0","1","207","350","142","140","241","483","92","194","2","541","4"
"경기도","수원시 영통구","여","0","40","610","1","244","0","2","5","1","0","5","0","118","14","0","0","0","50","30","200","181","591","470","351","31","4","455","6"
"경기도","수원시 장안구","남","0","24","745","1","300","0","3","0","4","0","18","0","36","96","0","0","15","74","31","240","114","70","526","104","45","0","1033","2"
"경기도","수원시 장안구","여","0","13","426","1","166","0","2","0","1","0","4","0","25","19","0","0","4","19","5","358","125","167","611","442","12","0","745","1"
"경기도","수원시 팔달구","남","0","27","127","0","39","0","2","19","30","4","14","0","34","16","0","0","3","113","24","651","347","32","1631","256","192","1","4191","1"
"경기도","수원시 팔달구","여","0","16","85","0","27","0","1","6","6","1","1","0","36","4","0","0","9","10","5","879","411","77","1595","551","44","5","2837","0"
"경기도","시흥시","남","0","25","71","4","111","0","4","0","40","9","0","1","13","0","0","0","6","194","6614","1472","554","56","2492","491","166","0","6949","1"
"경기도","시흥시","여","0","28","87","2","140","0","2","0","3","2","0","0","9","0","0","0","2","12","289","2087","774","127","2294","1865","54","1","4979","1"
"경기도","안산시 단원구","남","0","50","167","51","107","0","18","2","52","43","4","0","17","10","0","0","27","211","5567","2233","761","63","3415","680","781","0","11155","0"
"경기도","안산시 단원구","여","2","27","86","9","69","0","11","0","4","8","0","0","24","2","0","0","24","20","358","2908","1056","141","3186","1688","165","2","7881","0"
"경기도","안산시 상록구","남","2","15","276","13","77","0","3","0","10","7","11","0","15","24","0","0","2","47","525","786","166","39","745","236","197","0","2242","1"
"경기도","안산시 상록구","여","0","11","167","2","52","0","0","0","1","0","2","0","15","3","0","0","9","9","30","957","248","77","946","970","45","1","1664","0"
"경기도","안성시","남","0","11","145","11","218","0","16","1","9","0","11","0","18","4","0","0","0","64","4010","418","61","38","314","70","107","0","1487","3"
"경기도","안성시","여","0","9","182","4","157","0","37","0","1","0","1","0","35","1","0","0","0","8","522","564","112","64","339","550","25","1","1025","3"
"경기도","안양시 동안구","남","0","2","9","2","7","1","3","3","21","2","5","0","71","9","0","0","16","66","125","88","33","13","116","81","6","1","157","0"
"경기도","안양시 동안구","여","0","1","11","5","6","0","0","0","2","0","1","0","59","2","0","0","1","13","12","122","53","41","185","321","0","3","122","1"
"경기도","안양시 만안구","남","0","3","26","2","162","0","3","0","6","0","2","0","11","0","0","0","6","21","163","256","105","15","557","121","41","0","1058","0"
"경기도","안양시 만안구","여","0","3","47","2","139","0","1","0","2","0","2","0","4","0","0","0","1","6","23","339","159","20","644","409","1","2","772","1"
"경기도","양주시","남","1","4","7","11","71","0","8","0","24","23","0","0","8","0","0","0","1","32","4202","130","33","53","158","89","267","1","233","27"
"경기도","양주시","여","0","1","22","2","44","0","4","0","3","1","0","0","11","0","0","0","0","4","336","220","57","55","230","545","24","0","150","29"
"경기도","양평군","남","0","1","39","0","1","0","0","0","0","0","0","0","20","0","0","0","4","16","463","50","9","0","38","21","8","0","57","0"
"경기도","양평군","여","0","1","25","0","0","0","1","0","0","0","0","0","19","0","0","0","2","2","321","97","9","1","96","227","3","0","62","0"
"경기도","여주시","남","0","5","18","0","260","0","0","0","5","0","0","0","8","0","0","0","2","24","1538","72","9","6","54","16","47","0","155","0"
"경기도","여주시","여","0","2","25","1","120","0","1","0","0","0","0","0","15","0","0","0","2","11","465","119","22","8","126","254","21","0","101","0"
"경기도","연천군","남","0","0","0","1","1","0","1","0","0","0","0","0","2","0","0","0","0","6","439","27","5","0","15","11","162","0","43","0"
"경기도","연천군","여","0","1","0","0","0","0","7","0","0","0","0","0","7","0","0","0","1","1","51","34","11","4","32","88","11","0","15","0"
"경기도","오산시","남","0","7","65","8","60","0","2","1","5","2","1","0","12","2","0","0","0","71","391","482","176","22","808","199","58","0","1941","13"
"경기도","오산시","여","0","7","50","2","40","0","3","0","0","0","2","0","18","0","0","0","0","19","25","627","230","32","852","655","15","0","1519","6"
"경기도","용인시 기흥구","남","0","9","326","1","135","0","5","1","10","1","20","0","33","34","0","0","19","113","390","153","69","50","271","151","45","0","515","6"
"경기도","용인시 기흥구","여","0","9","469","0","133","0","3","0","4","0","5","0","66","4","0","0","13","28","41","206","87","87","381","472","10","1","439","3"
"경기도","용인시 수지구","남","0","9","305","0","87","0","1","1","2","0","2","0","68","6","0","0","1","138","62","47","31","45","143","79","6","1","179","6"
"경기도","용인시 수지구","여","0","12","456","0","108","0","1","1","2","0","0","0","99","1","0","0","0","65","4","76","39","63","192","227","3","4","207","1"
"경기도","용인시 처인구","남","0","5","301","10","154","0","1","0","13","5","44","0","20","8","0","0","24","53","3673","203","88","44","436","103","79","0","861","1"
"경기도","용인시 처인구","여","0","7","270","3","143","0","0","0","0","0","18","0","26","3","0","0","32","9","526","292","138","54","502","508","14","0","655","2"
"경기도","의왕시","남","0","2","10","2","37","0","3","0","2","0","2","0","19","0","0","0","2","18","219","34","23","4","82","39","13","0","89","2"
"경기도","의왕시","여","0","1","12","0","17","0","3","0","1","0","0","0","41","0","0","0","1","9","49","56","29","12","118","166","2","0","71","0"
"경기도","의정부시","남","0","6","80","3","226","0","3","1","3","7","1","0","25","1","0","0","5","49","212","184","63","39","236","138","251","0","312","61"
"경기도","의정부시","여","0","6","111","2","128","0","0","1","2","2","0","0","33","0","0","0","43","18","33","299","97","29","380","683","57","1","241","44"
"경기도","이천시","남","0","2","20","3","58","0","1","1","7","4","2","0","18","2","3","0","4","53","2958","159","24","26","174","54","75","0","505","9"
"경기도","이천시","여","0","5","5","0","8","0","0","0","0","1","1","0","26","0","0","0","2","4","1184","246","53","55","280","452","31","1","359","4"
"경기도","파주시","남","0","9","46","19","17","0","1","1","81","7","2","0","40","6","0","0","3","85","5375","255","52","15","313","173","455","0","654","2"
"경기도","파주시","여","0","4","24","8","12","0","3","0","1","0","0","0","63","0","0","0","70","16","454","388","100","44","442","901","98","4","430","3"
"경기도","평택시","남","0","23","203","21","265","0","17","7","99","15","5","1","44","0","3","0","23","229","4962","890","244","85","1029","397","588","1","3124","577"
"경기도","평택시","여","0","20","160","35","249","0","5","0","7","4","6","0","77","1","1","0","226","49","403","1258","345","186","1143","1434","168","2","2184","525"
"경기도","포천시","남","0","4","95","8","53","0","2","0","15","2","0","0","9","1","0","0","4","38","7739","173","32","31","182","85","770","0","415","1"
"경기도","포천시","여","0","1","151","2","53","0","0","0","4","1","1","0","16","1","0","0","1","10","1028","277","61","35","267","535","46","0","265","0"
"경기도","하남시","남","0","1","6","0","6","0","2","0","5","0","1","0","20","1","0","0","2","47","894","64","18","8","64","52","10","1","142","2"
"경기도","하남시","여","0","1","9","0","9","0","3","0","2","0","0","0","30","0","0","0","1","6","74","115","24","14","141","279","1","0","90","2"
"경기도","화성시","남","0","22","117","18","162","0","8","8","115","8","25","11","94","88","0","0","3","518","18924","782","219","106","1125","377","389","1","3727","15"
"경기도","화성시","여","0","18","206","14","160","0","15","0","15","2","27","0","115","3","0","0","2","51","1815","1215","385","258","1235","1708","79","5","2320","6"
"경상남도","거제시","남","0","3","37","0","11","0","4","35","29","1328","0","194","39","1","9","0","6","374","3269","214","40","262","144","137","22","1","289","90"
"경상남도","거제시","여","0","0","5","0","3","0","2","0","0","73","0","0","46","0","0","0","113","24","44","369","71","703","226","654","6","2","195","15"
"경상남도","거창군","남","0","0","2","0","7","0","0","0","0","0","0","0","12","0","0","0","0","2","151","47","1","0","9","9","3","0","12","0"
"경상남도","거창군","여","0","0","1","0","4","0","1","0","0","0","0","0","14","0","0","0","1","0","9","69","8","1","35","121","2","0","6","0"
"경상남도","고성군","남","0","2","0","0","0","0","0","0","0","0","0","58","1","0","0","0","0","14","813","58","3","1","12","14","6","0","37","1"
"경상남도","고성군","여","0","0","0","0","0","0","0","0","0","0","0","0","11","0","0","0","0","2","49","87","12","2","40","162","2","0","23","1"
"경상남도","김해시","남","0","23","143","49","346","0","12","0","24","12","9","2","60","7","0","0","9","177","10072","667","77","49","328","228","255","1","1272","0"
"경상남도","김해시","여","0","13","167","11","206","0","1","0","3","0","2","0","69","1","0","0","73","22","447","959","126","157","419","1213","58","2","855","0"
"경상남도","남해군","남","0","0","0","0","0","0","0","0","0","0","0","125","3","0","0","0","0","22","466","35","1","1","2","8","0","0","7","0"
"경상남도","남해군","여","0","0","0","0","0","0","0","0","0","0","0","0","1","0","0","0","0","4","1","48","10","2","15","80","0","0","3","0"
"경상남도","밀양시","남","0","1","22","2","0","0","0","0","5","1","1","0","6","6","0","0","0","10","1030","56","10","2","25","12","4","0","62","0"
"경상남도","밀양시","여","0","1","20","0","0","0","1","0","0","0","0","0","9","3","0","0","0","1","719","111","21","5","71","242","1","0","37","0"
"경상남도","사천시","남","0","3","1","0","3","0","3","18","28","3","0","1081","7","66","0","0","6","36","868","96","10","34","29","36","15","0","51","15"
"경상남도","사천시","여","0","1","1","0","2","0","0","1","1","0","0","0","6","9","0","0","4","20","70","142","25","79","49","269","1","0","24","0"
"경상남도","산청군","남","0","0","0","0","0","0","1","0","0","0","0","0","2","0","0","0","0","3","228","37","2","0","2","3","5","0","12","0"
"경상남도","산청군","여","0","1","0","0","0","0","1","0","0","0","0","0","4","0","0","0","0","1","158","47","10","1","11","88","7","1","6","0"
"경상남도","양산시","남","0","8","28","72","34","0","2","0","15","7","1","1","28","1","0","0","0","44","2700","254","34","17","104","144","137","0","390","0"
"경상남도","양산시","여","0","3","21","6","29","0","8","0","0","0","1","0","26","0","0","0","4","10","118","352","57","30","197","737","25","3","267","0"
"경상남도","의령군","남","0","0","0","0","0","0","0","0","0","0","0","0","2","0","0","0","0","4","398","33","1","0","2","2","4","0","28","0"
"경상남도","의령군","여","0","0","0","0","1","0","0","0","0","0","0","0","6","0","0","0","0","0","114","52","8","1","17","84","1","0","17","0"
"경상남도","진주시","남","0","14","252","2","256","0","5","18","6","1","7","0","43","27","0","0","4","56","1739","187","24","42","56","100","42","0","85","1"
"경상남도","진주시","여","0","8","244","0","207","0","1","3","0","0","6","0","29","6","0","0","4","5","164","298","59","82","131","579","14","1","57","1"
"경상남도","창녕군","남","0","3","0","3","0","0","0","0","1","0","0","0","8","0","0","0","0","6","1173","120","9","0","16","16","14","0","287","0"
"경상남도","창녕군","여","0","0","0","1","0","0","0","0","0","0","0","0","10","0","0","0","2","1","149","170","17","4","34","174","1","0","197","0"
"경상남도","창원시 마산합포구","남","0","2","55","7","30","0","3","0","9","1","0","244","31","0","0","0","0","30","645","89","9","1","53","21","13","0","68","3"
"경상남도","창원시 마산합포구","여","0","6","108","10","24","0","0","0","0","0","1","0","15","0","0","0","2","4","48","128","25","13","105","335","0","0","39","3"
"경상남도","창원시 마산회원구","남","0","1","24","9","50","0","0","0","5","0","5","3","15","0","0","0","0","21","702","87","20","2","84","50","38","0","161","0"
"경상남도","창원시 마산회원구","여","0","3","21","2","47","0","1","0","0","0","0","0","23","0","0","0","0","5","44","173","39","9","117","341","13","0","103","0"
"경상남도","창원시 성산구","남","0","6","20","376","11","0","1","7","25","13","0","1","52","16","2","0","8","109","1774","111","29","10","132","53","19","0","211","1"
"경상남도","창원시 성산구","여","0","2","7","9","7","0","1","0","0","0","0","0","48","2","0","0","35","6","39","187","50","44","195","323","5","0","133","1"
"경상남도","창원시 의창구","남","0","6","134","5","38","0","1","1","9","6","4","0","17","10","1","0","1","56","1418","159","41","18","135","97","38","1","244","0"
"경상남도","창원시 의창구","여","0","3","99","2","31","0","5","0","1","1","2","0","19","0","0","0","1","3","80","252","65","38","235","472","11","0","163","0"
"경상남도","창원시 진해구","남","0","2","13","14","1","0","2","5","4","17","0","1","19","1","6","0","0","52","1213","159","28","13","108","92","21","0","270","19"
"경상남도","창원시 진해구","여","0","5","2","2","4","0","0","0","0","0","0","0","25","0","0","0","0","4","37","253","42","31","158","373","4","1","208","14"
"경상남도","통영시","남","0","1","8","1","0","0","3","0","4","1","0","1191","14","1","0","0","0","27","1338","106","9","1","57","30","9","0","115","0"
"경상남도","통영시","여","0","1","3","0","1","0","2","1","1","1","0","0","17","0","0","0","1","0","39","168","29","3","77","350","5","0","77","0"
"경상남도","하동군","남","0","0","0","0","0","0","0","0","0","0","0","0","2","0","0","0","1","6","161","45","2","0","4","0","3","0","6","0"
"경상남도","하동군","여","0","0","0","0","0","0","0","0","0","0","0","0","8","0","0","0","1","1","73","70","9","0","22","137","0","0","4","0"
"경상남도","함안군","남","0","0","0","5","2","0","0","0","2","1","0","0","3","1","0","0","0","46","2551","79","4","3","54","22","120","0","105","0"
"경상남도","함안군","여","0","0","1","1","1","0","0","0","1","0","0","0","8","0","0","0","0","1","89","141","16","10","77","218","12","0","41","0"
"경상남도","함양군","남","0","0","0","1","0","0","2","0","1","0","0","0","3","0","0","0","0","1","128","35","2","0","11","4","0","0","6","0"
"경상남도","함양군","여","0","0","0","0","0","0","0","0","0","0","0","0","5","0","0","0","0","0","10","51","8","0","37","99","0","0","3","0"
"경상남도","합천군","남","0","0","0","0","0","0","2","0","0","0","0","0","3","0","0","0","0","0","202","33","0","0","9","0","0","0","12","0"
"경상남도","합천군","여","0","0","0","0","0","0","1","0","0","0","0","0","10","0","0","0","0","0","50","60","9","0","33","116","1","0","1","0"
"경상북도","경산시","남","0","81","1186","1","954","0","3","15","8","2","106","0","44","39","0","0","8","44","2080","181","48","97","115","100","121","0","156","1"
"경상북도","경산시","여","0","77","1217","4","788","0","4","0","1","0","30","0","33","10","0","0","5","10","221","285","65","204","137","558","20","5","128","2"
"경상북도","경주시","남","1","16","357","14","448","0","4","0","8","7","6","506","27","2","0","0","17","67","2717","520","40","30","160","108","250","1","1312","0"
"경상북도","경주시","여","2","23","434","0","399","0","2","0","1","1","1","0","27","1","0","0","23","7","131","694","72","28","204","679","12","0","828","1"
"경상북도","고령군","남","0","0","0","0","0","0","0","0","0","0","0","0","0","0","0","0","0","15","1318","31","3","2","18","3","24","0","25","0"
"경상북도","고령군","여","0","1","1","1","1","0","0","0","0","0","0","0","1","0","0","0","0","1","94","58","11","3","18","106","2","0","20","0"
"경상북도","구미시","남","0","19","108","23","73","0","10","0","88","1","0","0","38","7","0","0","0","38","1918","218","17","32","155","116","38","0","303","1"
"경상북도","구미시","여","0","2","57","21","33","0","5","1","1","0","0","0","43","0","0","0","26","11","316","360","74","58","266","746","11","2","213","0"
"경상북도","군위군","남","0","0","0","2","0","0","0","0","0","0","0","0","1","0","0","0","0","0","403","16","0","0","4","2","6","0","3","0"
"경상북도","군위군","여","0","0","0","1","0","0","0","0","0","0","0","0","1","0","0","0","0","0","15","27","5","0","5","70","2","0","2","0"
"경상북도","김천시","남","0","10","74","1","160","0","2","0","0","1","0","0","9","3","0","0","0","7","768","78","14","11","25","20","13","0","67","0"
"경상북도","김천시","여","0","3","94","5","171","0","2","0","0","1","2","0","11","3","0","0","6","2","76","140","26","10","60","256","5","0","24","0"
"경상북도","문경시","남","0","0","0","0","1","0","0","0","0","0","0","0","7","0","0","0","2","3","171","35","4","1","23","9","5","0","33","0"
"경상북도","문경시","여","0","0","1","0","0","0","0","0","0","0","0","0","7","0","0","0","2","1","16","70","14","0","30","173","2","0","21","1"
"경상북도","봉화군","남","0","0","0","0","0","0","0","0","0","0","0","0","0","1","0","0","0","0","74","18","4","0","5","3","0","0","6","0"
"경상북도","봉화군","여","0","0","0","0","0","0","3","0","0","0","0","0","0","1","0","0","0","0","6","26","4","2","25","121","0","0","3","0"
"경상북도","상주시","남","0","0","13","0","0","0","8","0","1","0","0","0","8","1","0","0","0","1","224","81","4","2","22","11","2","0","21","0"
"경상북도","상주시","여","0","0","7","0","0","0","3","0","0","1","0","0","8","0","0","0","2","0","19","118","22","4","50","260","1","0","19","0"
"경상북도","성주군","남","0","0","0","0","0","0","1","0","1","1","1","0","2","0","0","0","0","4","1149","40","2","0","15","3","27","0","48","1"
"경상북도","성주군","여","0","0","0","0","3","0","1","0","0","0","0","0","2","0","0","0","0","1","115","70","13","2","19","158","1","1","27","0"
"경상북도","안동시","남","0","7","74","0","17","0","2","0","3","0","4","0","22","6","5","0","0","9","347","117","6","1","26","24","2","0","41","0"
"경상북도","안동시","여","3","5","62","0","24","0","2","0","0","0","0","0","21","0","0","0","6","1","14","161","16","9","64","332","2","0","30","0"
"경상북도","영덕군","남","0","1","0","0","0","0","0","0","0","0","0","387","3","0","0","0","0","7","281","16","0","0","5","2","1","0","8","0"
"경상북도","영덕군","여","0","1","0","0","0","0","0","0","0","0","0","0","4","0","0","0","0","0","42","37","4","1","24","111","1","0","10","0"
"경상북도","영양군","남","0","0","0","1","0","0","0","0","0","0","0","0","3","0","0","0","0","0","27","35","0","0","0","0","0","0","1","0"
"경상북도","영양군","여","0","0","0","0","0","0","2","0","0","0","0","0","0","0","0","0","0","0","5","48","3","0","12","79","0","0","1","0"
"경상북도","영주시","남","0","0","90","0","40","0","0","0","0","0","3","0","11","0","0","0","0","8","267","78","2","5","9","5","8","0","35","0"
"경상북도","영주시","여","0","1","49","1","14","0","1","0","0","0","1","0","20","0","0","0","0","0","6","126","14","1","33","251","1","0","17","0"
"경상북도","영천시","남","0","0","5","9","362","0","2","0","1","0","0","1","7","0","0","0","0","9","1943","109","4","2","35","21","16","0","112","2"
"경상북도","영천시","여","0","0","8","0","177","0","1","0","0","0","0","0","4","0","0","0","5","2","105","169","17","5","76","279","3","1","53","1"
"경상북도","예천군","남","0","0","0","0","0","0","0","0","0","0","0","0","4","1","0","0","0","3","136","59","8","0","6","7","2","0","9","0"
"경상북도","예천군","여","0","0","0","0","0","0","0","0","0","0","0","0","2","0","0","0","0","0","18","92","10","1","24","145","0","0","6","0"
"경상북도","울릉군","남","0","0","0","0","0","0","0","0","0","0","0","31","0","0","0","0","0","3","79","2","2","1","3","0","0","0","5","0"
"경상북도","울릉군","여","0","0","0","0","0","0","0","0","0","0","0","0","0","0","0","0","1","0","0","2","2","1","8","8","0","0","3","0"
"경상북도","울진군","남","0","0","0","0","0","0","0","0","0","0","0","637","9","0","0","1","0","2","464","24","2","1","11","5","0","0","17","0"
"경상북도","울진군","여","0","0","0","0","0","0","2","0","0","0","0","0","7","0","0","0","0","0","4","40","6","0","22","98","0","0","11","0"
"경상북도","의성군","남","0","0","0","1","1","0","0","0","0","0","0","0","3","0","0","0","0","1","239","44","3","0","7","3","1","0","22","0"
"경상북도","의성군","여","0","0","0","0","0","0","1","0","0","0","0","0","0","0","0","0","0","0","19","61","6","0","34","147","0","0","13","0"
"경상북도","청도군","남","0","0","0","1","0","0","0","0","0","0","0","0","4","0","0","0","0","0","443","38","3","0","8","5","1","0","14","0"
"경상북도","청도군","여","0","0","0","2","0","0","2","0","0","0","0","0","0","0","0","0","0","0","318","54","8","0","16","93","1","0","9","0"
"경상북도","청송군","남","0","0","0","0","0","0","0","0","0","0","0","0","1","0","0","0","0","1","19","16","3","0","2","3","0","0","3","0"
"경상북도","청송군","여","0","0","0","0","0","0","4","0","0","0","0","0","0","0","0","0","0","0","1","34","6","0","8","89","0","0","5","0"
"경상북도","칠곡군","남","0","1","44","8","12","0","8","5","6","0","0","0","19","0","0","0","2","13","2113","94","17","9","44","55","118","0","98","102"
"경상북도","칠곡군","여","0","2","46","5","7","0","0","1","0","0","0","0","30","0","0","0","53","1","229","156","24","10","88","361","44","2","79","67"
"경상북도","포항시 남구","남","0","4","91","0","6","0","0","6","4","6","19","682","21","93","1","0","2","25","705","120","14","25","54","32","50","0","60","4"
"경상북도","포항시 남구","여","0","2","59","0","8","0","0","1","0","0","2","1","23","19","0","0","12","10","18","184","27","76","139","419","21","0","38","2"
"경상북도","포항시 북구","남","0","11","99","0","269","0","0","0","5","1","17","195","20","2","1","0","9","28","259","102","17","32","47","43","13","0","55","1"
"경상북도","포항시 북구","여","0","9","98","0","182","0","1","0","0","0","6","0","21","0","0","0","11","8","5","142","22","39","126","364","3","0","34","2"
"광주광역시","광산구","남","0","60","561","16","315","0","12","0","21","3","2","0","48","16","0","0","0","79","3537","802","60","42","93","166","415","0","1253","0"
"광주광역시","광산구","여","0","66","619","0","232","0","9","0","0","0","2","0","65","3","0","0","5","14","144","961","62","63","294","1008","109","0","997","0"
"광주광역시","남구","남","0","3","90","0","59","0","5","0","0","0","7","0","30","0","0","0","0","29","34","107","12","13","30","37","6","0","55","14"
"광주광역시","남구","여","0","3","140","0","43","0","11","0","0","0","3","0","62","1","0","0","0","3","3","127","35","12","77","303","2","8","26","11"
"광주광역시","동구","남","0","15","211","0","138","0","4","0","0","1","6","0","21","5","0","0","8","54","59","37","26","7","38","14","8","0","33","0"
"광주광역시","동구","여","0","11","171","0","115","0","0","0","0","0","7","0","34","0","0","0","5","11","0","54","22","18","61","122","2","0","19","1"
"광주광역시","북구","남","0","24","715","1","242","0","13","1","0","0","13","0","49","65","0","0","3","47","396","180","33","67","80","80","63","2","132","0"
"광주광역시","북구","여","0","36","671","0","147","0","5","0","3","0","2","0","49","16","0","0","1","18","61","313","69","145","190","698","13","1","108","0"
"광주광역시","서구","남","0","8","21","0","5","0","11","1","4","1","4","0","48","1","0","0","11","59","175","113","13","9","54","40","48","0","105","1"
"광주광역시","서구","여","0","10","40","0","4","0","5","0","0","0","0","0","72","0","0","0","10","17","3","165","32","14","101","357","8","2","60","2"
"대구광역시","남구","남","1","3","20","0","30","0","0","2","1","2","2","0","25","0","0","0","6","8","5","78","34","2","67","32","13","0","24","97"
"대구광역시","남구","여","0","2","22","0","28","0","8","0","0","0","0","0","22","1","0","0","27","7","1","78","27","12","95","228","13","0","22","73"
"대구광역시","달서구","남","0","56","611","21","189","0","2","0","36","12","42","0","72","2","0","0","8","80","2856","273","50","89","149","180","333","1","212","16"
"대구광역시","달서구","여","0","28","495","9","153","0","1","0","2","0","13","0","107","1","0","0","70","16","206","416","134","125","244","948","79","4","116","7"
"대구광역시","달성군","남","0","11","32","7","6","0","3","0","22","2","5","0","17","18","1","0","0","40","2518","268","24","6","78","96","202","1","385","3"
"대구광역시","달성군","여","0","2","22","21","17","0","0","0","2","0","2","0","19","3","0","0","9","2","178","406","49","35","133","549","35","2","283","1"
"대구광역시","동구","남","0","4","21","0","11","0","2","1","8","7","7","0","28","4","0","0","1","37","102","136","31","17","57","74","22","0","79","10"
"대구광역시","동구","여","0","6","33","2","11","0","1","0","2","0","3","0","33","2","0","0","32","24","15","187","39","34","127","536","16","1","55","9"
"대구광역시","북구","남","0","26","749","2","115","0","1","6","5","0","36","0","65","34","1","0","1","29","787","193","36","57","79","69","37","2","89","6"
"대구광역시","북구","여","0","32","697","0","97","0","1","0","0","0","8","0","65","6","0","0","58","12","77","299","64","135","179","577","7","4","76","7"
"대구광역시","서구","남","0","2","8","15","15","0","3","0","20","7","0","0","8","0","0","0","2","9","683","131","26","16","48","62","125","0","152","0"
"대구광역시","서구","여","0","3","7","4","10","0","1","0","0","1","0","0","14","0","0","0","4","1","42","224","37","20","94","487","28","1","77","0"
"대구광역시","수성구","남","0","5","20","0","39","0","4","2","8","0","9","0","111","0","0","0","11","57","46","51","20","10","87","83","3","0","32","55"
"대구광역시","수성구","여","0","3","16","0","53","0","1","0","0","1","3","0","122","0","0","0","20","20","1","94","36","17","116","286","5","1","29","55"
"대구광역시","중구","남","0","1","18","0","4","0","2","0","3","2","6","0","31","3","0","0","0","21","38","30","15","8","95","14","8","1","30","33"
"대구광역시","중구","여","0","1","18","0","3","0","3","2","0","0","0","0","33","1","0","0","2","2","0","38","26","9","95","106","6","2","25","38"
"대전광역시","대덕구","남","0","9","89","2","75","0","1","0","3","0","18","1","7","0","0","0","6","15","549","112","16","9","51","37","48","0","94","14"
"대전광역시","대덕구","여","0","6","105","1","61","0","3","0","0","0","10","0","16","2","0","0","2","9","32","210","53","13","105","435","21","0","57","6"
"대전광역시","동구","남","0","32","996","1","138","0","9","0","1","0","87","0","53","0","0","0","2","24","59","121","22","51","58","56","6","0","99","3"
"대전광역시","동구","여","0","20","1152","0","123","0","3","0","0","0","58","0","43","1","0","0","7","5","2","179","90","69","139","462","4","0","35","0"
"대전광역시","서구","남","0","34","244","0","127","0","5","1","4","2","8","0","102","27","1","0","1","101","30","165","59","22","108","118","14","4","133","2"
"대전광역시","서구","여","0","30","375","0","112","0","8","0","1","0","6","0","151","3","0","0","0","14","4","237","79","53","220","613","6","3","96","4"
"대전광역시","유성구","남","1","44","1104","0","361","0","6","4","16","1","33","0","49","266","2","0","1","183","120","127","60","193","151","94","10","2","115","71"
"대전광역시","유성구","여","0","49","977","1","410","0","2","0","0","2","11","0","75","44","0","0","4","64","7","187","89","398","218","420","5","3","79","32"
"대전광역시","중구","남","0","2","23","0","14","0","3","0","3","0","3","0","26","0","0","0","6","22","25","126","43","10","81","43","16","2","81","0"
"대전광역시","중구","여","0","4","15","0","10","0","2","0","0","1","3","0","40","1","0","0","2","5","6","175","55","9","158","409","3","0","73","0"
"부산광역시","강서구","남","0","2","3","6","3","0","4","6","30","36","4","5","10","5","0","0","5","101","4038","65","15","21","32","54","40","1","111","1"
"부산광역시","강서구","여","0","1","5","0","5","0","1","0","1","0","0","0","10","1","0","0","0","17","121","102","11","54","75","218","4","1","39","1"
"부산광역시","금정구","남","0","35","790","13","224","0","4","0","1","1","34","0","29","61","0","0","1","19","237","64","23","37","44","37","9","2","31","1"
"부산광역시","금정구","여","0","51","1248","19","318","0","11","0","2","0","15","0","41","9","0","0","1","4","5","89","58","112","99","294","4","17","26","0"
"부산광역시","기장군","남","0","2","1","3","3","0","1","1","8","2","4","114","13","0","0","0","0","21","1058","65","16","6","34","54","2","0","40","1"
"부산광역시","기장군","여","0","3","7","0","4","0","0","0","2","0","0","0","13","0","0","0","0","9","39","86","12","10","64","272","3","0","24","1"
"부산광역시","남구","남","1","40","860","2","860","0","4","2","6","2","23","61","44","28","0","0","0","30","101","81","33","39","106","68","9","4","49","14"
"부산광역시","남구","여","0","45","961","1","638","0","0","0","1","0","3","0","31","3","0","0","0","28","1","144","61","82","153","331","7","14","29","7"
"부산광역시","동구","남","0","9","8","0","5","0","2","3","8","1","0","190","4","0","0","0","15","44","3","73","46","3","169","16","9","0","46","12"
"부산광역시","동구","여","0","3","9","0","10","0","0","1","0","1","0","0","2","0","0","0","169","20","0","99","55","10","227","166","14","1","41","8"
"부산광역시","동래구","남","0","4","20","0","7","0","6","1","1","0","6","4","42","2","0","0","12","19","85","46","15","6","43","34","1","0","34","0"
"부산광역시","동래구","여","0","6","14","10","5","0","2","0","0","0","1","0","26","0","0","0","4","4","1","75","27","15","99","233","5","1","28","1"
"부산광역시","부산진구","남","0","17","126","1","37","1","0","8","23","3","9","5","48","3","0","0","0","29","75","99","47","27","125","64","13","7","86","9"
"부산광역시","부산진구","여","0","20","197","1","55","0","0","0","4","2","6","0","81","2","0","0","1","7","0","166","80","28","188","503","3","18","53","7"
"부산광역시","북구","남","0","4","106","0","329","0","1","1","4","0","1","1","24","0","0","0","0","19","24","85","17","3","51","29","2","0","68","0"
"부산광역시","북구","여","0","1","63","0","256","0","0","0","0","0","0","0","52","0","0","0","1","4","0","142","32","2","101","369","2","2","33","0"
"부산광역시","사상구","남","0","16","557","6","252","0","2","4","3","0","12","18","7","1","0","1","0","26","1174","141","49","11","114","70","67","0","104","2"
"부산광역시","사상구","여","0","12","811","4","228","0","0","0","0","0","6","0","17","0","0","0","0","7","45","234","68","16","169","565","20","3","68","2"
"부산광역시","사하구","남","0","3","88","6","31","0","9","2","7","3","2","237","42","3","0","0","0","34","1607","153","24","13","102","86","34","0","130","0"
"부산광역시","사하구","여","0","5","123","5","30","0","1","1","0","0","1","0","29","1","0","0","1","3","67","246","40","30","189","647","5","5","86","0"
"부산광역시","서구","남","0","7","79","3","23","0","3","0","6","1","3","704","8","0","0","0","0","22","71","49","15","3","67","19","2","0","25","1"
"부산광역시","서구","여","0","4","72","3","29","0","3","0","1","0","0","0","11","0","0","0","0","1","33","77","23","8","96","170","6","1","24","0"
"부산광역시","수영구","남","1","6","14","3","13","0","3","2","11","2","12","68","112","0","0","0","0","48","14","61","28","11","69","80","0","1","37","21"
"부산광역시","수영구","여","0","5","17","3","10","0","3","0","0","0","2","0","95","0","0","0","2","14","0","78","23","28","86","216","2","6","28","30"
"부산광역시","연제구","남","0","1","18","5","2","0","1","0","3","1","0","8","11","0","0","0","0","19","37","43","9","2","47","37","2","0","44","0"
"부산광역시","연제구","여","0","2","15","3","7","0","0","0","0","0","0","0","15","1","0","0","8","2","4","67","18","9","80","217","1","3","35","0"
"부산광역시","영도구","남","0","6","103","1","18","0","5","12","6","11","1","484","11","0","0","0","0","11","130","62","16","11","55","23","2","0","43","2"
"부산광역시","영도구","여","0","3","55","2","23","0","1","0","0","0","0","0","3","0","0","0","0","7","6","93","18","25","98","214","2","1","28","0"
"부산광역시","중구","남","0","2","34","0","56","0","1","0","5","2","0","726","8","0","0","0","0","23","6","35","34","7","94","10","6","0","29","7"
"부산광역시","중구","여","0","5","81","0","88","0","0","0","2","0","2","10","10","0","0","0","0","22","2","30","38","8","107","89","8","3","38","5"
"부산광역시","해운대구","남","0","40","190","4","103","0","3","51","124","33","20","63","96","1","1","0","12","181","251","124","64","147","166","181","5","3","118","43"
"부산광역시","해운대구","여","0","30","202","4","105","0","0","2","12","4","4","0","83","0","0","0","6","78","0","178","68","299","215","433","7","10","87","53"
"서울특별시","강남구","남","0","38","55","0","49","0","3","45","326","25","8","0","237","21","0","4","48","637","68","121","94","66","219","162","39","22","174","38"
"서울특별시","강남구","여","0","50","177","1","83","1","0","4","35","2","1","0","278","0","0","0","53","176","15","131","132","160","339","359","30","68","273","21"
"서울특별시","강동구","남","0","10","15","0","31","0","1","1","16","2","3","0","58","2","0","0","1","54","211","168","74","31","324","122","26","1","769","2"
"서울특별시","강동구","여","0","12","34","2","28","0","1","1","1","0","0","0","72","0","0","0","0","16","22","272","111","44","479","502","7","2","607","1"
"서울특별시","강북구","남","0","20","139","0","79","1","11","0","6","4","15","0","23","1","0","0","0","18","27","133","70","44","249","113","33","2","343","3"
"서울특별시","강북구","여","0","39","273","2","108","0","8","0","3","0","6","0","37","0","0","0","1","18","17","211","100","45","426","578","17","18","280","2"
"서울특별시","강서구","남","0","17","45","0","42","0","4","18","37","6","3","0","51","2","50","504","5","81","193","284","149","33","625","271","30","5","730","1"
"서울특별시","강서구","여","0","33","68","1","65","0","6","1","6","1","4","0","75","0","0","3","1","50","10","408","188","84","885","904","7","21","553","4"
"서울특별시","관악구","남","9","63","705","2","177","0","9","0","17","4","61","0","72","101","0","0","3","149","70","685","410","91","1751","410","28","24","3487","17"
"서울특별시","관악구","여","10","127","1057","0","500","0","3","0","6","2","28","0","76","30","0","0","7","130","15","864","533","179","2053","905","21","91","2642","8"
"서울특별시","광진구","남","1","87","1342","0","305","0","13","5","36","9","60","0","44","43","0","1","29","133","41","402","269","215","909","177","38","4","2062","6"
"서울특별시","광진구","여","0","199","2346","0","685","0","3","1","6","1","6","0","58","10","0","0","24","116","43","529","356","233","1170","618","21","41","1897","1"
"서울특별시","구로구","남","0","42","110","3","132","0","1","5","68","4","3","1","30","7","0","0","3","102","214","1476","852","27","3567","760","461","6","9505","4"
"서울특별시","구로구","여","0","47","172","5","77","0","7","1","4","2","2","0","33","2","0","0","0","51","39","1809","879","44","3555","1137","322","23","5220","3"
"서울특별시","금천구","남","0","16","31","6","27","1","1","7","24","2","0","0","13","7","0","0","12","75","336","871","380","27","2061","438","83","1","5859","0"
"서울특별시","금천구","여","0","20","64","8","24","0","0","0","3","1","0","0","19","0","0","0","8","26","57","1141","460","41","2056","769","24","7","3331","0"
"서울특별시","노원구","남","0","18","346","0","310","0","4","1","9","1","21","0","73","7","0","0","5","55","12","90","39","38","190","152","9","1","129","7"
"서울특별시","노원구","여","0","25","371","0","326","0","5","2","0","2","11","0","75","3","0","0","1","34","7","155","64","59","357","533","8","9","104","4"
"서울특별시","도봉구","남","0","3","34","0","34","0","3","1","3","1","1","0","32","1","0","0","0","17","180","98","33","22","115","94","9","0","109","4"
"서울특별시","도봉구","여","0","6","129","2","75","0","3","0","0","0","1","0","45","0","0","0","2","6","35","154","57","18","204","431","11","4","87","4"
"서울특별시","동대문구","남","1","123","1595","0","1351","0","18","7","47","32","63","1","60","61","0","0","6","111","70","222","207","178","588","214","96","9","794","7"
"서울특별시","동대문구","여","0","224","4027","2","1936","0","11","4","11","4","28","0","70","10","0","0","10","89","56","301","282","199","767","636","46","87","698","5"
"서울특별시","동작구","남","0","49","1065","0","390","0","6","2","9","0","30","0","28","21","0","1","15","111","37","370","251","28","896","208","54","4","1970","27"
"서울특별시","동작구","여","0","86","1877","0","629","0","2","0","8","0","7","0","28","3","0","0","2","62","10","411","277","64","1129","523","31","26","1513","16"
"서울특별시","마포구","남","1","48","479","0","218","22","22","102","324","21","53","2","106","28","0","2","15","446","52","175","267","150","765","220","113","51","377","250"
"서울특별시","마포구","여","1","165","1648","0","701","1","4","20","44","1","10","0","89","7","0","0","13","424","22","228","288","363","854","532","20","351","388","385"
"서울특별시","서대문구","남","4","50","878","0","475","4","16","38","61","7","42","0","66","69","0","0","6","225","16","145","282","125","1083","149","61","38","226","40"
"서울특별시","서대문구","여","2","156","3155","0","1387","1","12","8","20","1","11","0","97","16","0","0","4","260","17","214","274","222","1160","385","58","375","248","39"
"서울특별시","서초구","남","0","26","100","0","38","1","5","41","264","7","11","0","90","40","0","1","14","431","53","73","80","240","214","164","47","10","192","44"
"서울특별시","서초구","여","1","18","133","0","34","0","4","3","30","1","2","0","91","1","0","0","5","118","12","166","97","483","309","292","47","19","217","30"
"서울특별시","성동구","남","2","39","778","1","239","1","2","8","34","7","23","0","42","45","0","1","13","137","350","208","128","80","517","197","26","4","801","26"
"서울특별시","성동구","여","0","79","1180","0","295","0","2","3","9","0","4","0","56","14","0","0","9","55","56","270","203","129","621","473","4","17","702","13"
"서울특별시","성북구","남","1","79","1626","0","911","0","51","6","40","5","66","0","62","63","0","0","4","116","60","203","131","169","385","164","55","6","286","58"
"서울특별시","성북구","여","3","123","3019","0","1166","0","30","1","9","4","16","0","85","16","0","0","4","52","42","315","213","253","482","622","43","39","234","34"
"서울특별시","송파구","남","0","24","44","1","40","0","71","11","112","2","7","0","74","6","0","2","42","184","262","266","158","48","554","222","22","4","1094","10"
"서울특별시","송파구","여","0","12","45","1","25","0","36","1","9","0","0","0","161","0","0","0","48","55","17","357","169","99","735","675","15","20","932","5"
"서울특별시","양천구","남","0","11","11","2","9","0","3","3","8","1","3","0","54","2","0","0","4","38","84","213","96","4","428","179","28","2","575","3"
"서울특별시","양천구","여","0","6","24","4","18","0","4","0","0","0","1","0","65","0","1","0","1","12","18","268","122","15","554","565","13","7","404","1"
"서울특별시","영등포구","남","0","52","93","1","38","1","9","30","87","6","8","0","37","2","0","1","5","217","205","1669","859","24","4034","714","190","8","10076","59"
"서울특별시","영등포구","여","0","80","220","1","53","0","2","5","18","2","0","0","52","0","0","0","14","103","15","1978","957","73","3986","1035","35","64","6303","53"
"서울특별시","용산구","남","0","65","220","0","163","19","33","156","871","117","79","0","295","29","0","1","29","710","43","304","237","795","481","390","1578","29","406","1495"
"서울특별시","용산구","여","0","106","474","0","158","3","12","14","70","9","31","0","240","2","0","0","31","277","17","597","214","1562","561","409","184","67","368","1332"
"서울특별시","은평구","남","0","15","54","0","139","0","4","3","11","3","6","0","36","0","0","0","3","111","109","185","139","31","523","167","16","4","309","2"
"서울특별시","은평구","여","1","22","92","0","123","0","3","0","1","0","3","0","31","1","0","0","1","52","11","280","148","55","724","690","6","26","262","6"
"서울특별시","종로구","남","1","63","890","0","548","8","105","48","107","40","26","0","33","4","0","0","35","302","80","142","150","105","347","129","93","9","577","285"
"서울특별시","종로구","여","2","93","2098","0","623","3","57","19","19","8","5","0","23","2","0","0","19","140","17","232","163","218","402","266","32","65","603","251"
"서울특별시","중구","남","0","44","462","0","287","8","7","75","184","25","29","0","16","8","0","1","2","288","82","237","206","122","576","119","143","4","792","367"
"서울특별시","중구","여","0","73","981","0","519","1","17","28","49","20","6","0","17","1","1","0","4","109","39","312","229","242","582","285","86","52","877","270"
"서울특별시","중랑구","남","0","27","80","0","152","0","2","1","7","3","2","0","21","1","0","0","0","25","59","190","88","162","335","135","29","1","479","1"
"서울특별시","중랑구","여","0","41","180","0","180","0","1","0","2","5","0","0","24","1","0","0","0","21","30","298","129","114","531","710","12","10","463","2"
"세종특별자치시","소계","남","0","5","199","1","66","0","8","1","5","2","10","0","53","10","0","0","1","43","1163","187","31","17","113","86","58","0","419","1"
"세종특별자치시","소계","여","0","3","218","0","52","0","1","0","0","0","10","0","69","0","0","0","0","6","89","238","40","20","195","470","9","2","223","1"
"울산광역시","남구","남","0","13","340","8","136","0","5","4","14","13","6","30","82","35","0","0","4","58","291","213","82","24","360","99","29","2","628","0"
"울산광역시","남구","여","0","18","221","0","101","0","0","0","0","1","3","0","92","5","0","0","65","4","6","363","122","79","399","525","20","1","427","0"
"울산광역시","동구","남","0","2","6","4","11","0","3","8","5","311","0","184","17","0","3","0","6","90","841","150","31","83","141","73","17","0","194","5"
"울산광역시","동구","여","0","2","14","0","7","0","1","2","0","3","0","0","29","0","0","0","26","7","1","268","53","192","171","399","2","0","125","4"
"울산광역시","북구","남","0","0","0","0","2","0","4","0","7","2","0","50","13","0","0","0","0","28","977","138","16","1","100","50","31","0","145","0"
"울산광역시","북구","여","0","1","0","0","1","0","0","0","0","0","0","0","34","0","0","0","0","3","16","231","32","5","151","401","3","1","73","0"
"울산광역시","울주군","남","0","4","292","25","5","0","5","0","5","29","18","14","21","116","0","0","1","28","2884","266","58","38","279","87","78","0","796","0"
"울산광역시","울주군","여","0","4","104","0","8","0","1","0","0","0","1","0","18","27","0","0","5","4","62","490","94","106","334","558","16","0","491","0"
"울산광역시","중구","남","0","3","3","0","9","0","3","1","2","5","0","10","23","2","0","0","2","20","35","161","27","4","179","65","46","0","314","0"
"울산광역시","중구","여","0","1","4","0","10","0","0","0","0","0","0","0","35","0","0","0","19","2","4","257","49","15","224","432","3","1","236","0"
"인천광역시","강화군","남","0","0","4","0","2","0","4","0","1","0","0","0","3","0","0","0","0","3","400","27","0","0","15","13","2","0","33","0"
"인천광역시","강화군","여","0","0","0","0","1","0","1","0","0","0","0","0","5","0","0","0","0","0","32","49","5","2","36","130","0","0","21","0"
"인천광역시","계양구","남","0","5","18","0","100","0","1","0","10","1","0","0","22","0","0","0","0","23","398","150","49","30","166","109","32","1","264","1"
"인천광역시","계양구","여","0","7","56","1","132","0","0","0","1","1","0","0","11","0","0","0","0","14","47","226","80","23","353","569","11","2","194","0"
"인천광역시","남구","남","0","29","586","8","206","0","0","1","42","13","12","98","13","26","0","0","0","39","649","349","243","69","738","182","227","0","637","1"
"인천광역시","남구","여","0","31","661","8","194","0","5","0","2","1","1","0","10","4","0","0","0","8","35","498","258","112","798","954","65","3","519","2"
"인천광역시","남동구","남","0","13","34","15","42","0","6","0","36","5","2","82","25","3","0","0","3","101","5451","450","145","41","595","306","132","0","1000","2"
"인천광역시","남동구","여","0","17","67","20","44","0","1","0","1","1","0","0","25","0","0","0","3","23","209","583","167","52","692","1076","49","2","658","2"
"인천광역시","동구","남","0","0","0","1","2","0","0","0","1","3","0","12","0","0","0","0","0","5","207","37","18","2","96","20","9","0","80","0"
"인천광역시","동구","여","0","0","1","0","1","0","0","0","0","1","0","0","0","0","0","0","0","1","9","59","33","7","98","140","1","0","56","0"
"인천광역시","부평구","남","0","22","43","2","96","0","6","2","18","10","1","20","25","0","0","0","5","41","745","688","387","46","1603","456","219","1","1834","2"
"인천광역시","부평구","여","0","22","79","7","106","0","0","2","1","1","0","0","47","0","0","0","1","16","52","882","510","61","1659","1239","50","1","1213","0"
"인천광역시","서구","남","0","14","22","7","20","0","5","3","52","34","0","0","36","1","0","43","2","93","5400","376","135","91","469","271","385","2","813","1"
"인천광역시","서구","여","0","13","33","6","33","0","4","0","5","1","0","0","56","0","0","0","3","32","194","585","180","155","629","1095","82","2","533","2"
"인천광역시","연수구","남","0","13","262","0","108","0","2","15","273","72","68","17","50","51","2","1","14","243","214","587","120","296","288","186","607","0","1018","163"
"인천광역시","연수구","여","0","7","480","0","131","0","0","4","21","2","17","0","102","20","0","0","2","113","33","691","130","499","370","532","195","5","966","145"
"인천광역시","옹진군","남","0","1","0","0","0","0","0","0","0","0","0","0","0","0","0","0","0","4","107","3","0","0","1","0","0","0","2","0"
"인천광역시","옹진군","여","0","0","0","0","0","0","0","0","0","0","0","0","0","0","0","0","0","1","0","10","1","1","2","29","1","0","5","0"
"인천광역시","중구","남","0","25","8","0","8","0","9","25","48","4","0","122","4","0","83","3","16","175","208","111","173","31","534","74","57","0","263","0"
"인천광역시","중구","여","0","27","10","0","12","0","1","3","4","4","2","0","9","0","2","0","44","77","2","200","175","51","619","371","26","4","215","0"
"전라남도","강진군","남","0","0","0","0","0","0","0","0","0","0","0","0","4","0","0","0","0","2","149","37","0","0","1","2","3","0","5","0"
"전라남도","강진군","여","0","0","0","0","0","0","0","0","0","0","0","0","5","0","0","0","0","0","22","49","1","1","26","123","0","1","8","0"
"전라남도","고흥군","남","0","0","0","0","0","0","0","0","0","0","0","11","6","0","0","0","0","6","500","49","2","0","1","5","1","0","14","0"
"전라남도","고흥군","여","0","0","0","0","0","0","0","0","0","0","0","0","5","0","0","0","0","1","14","54","9","1","16","190","1","0","9","0"
"전라남도","곡성군","남","0","0","1","0","49","0","0","0","0","0","0","0","3","0","0","0","0","0","134","23","2","0","4","2","1","0","9","0"
"전라남도","곡성군","여","0","1","3","0","25","0","1","0","0","0","0","0","8","0","0","0","0","0","8","41","5","0","24","85","0","0","6","0"
"전라남도","광양시","남","0","0","2","0","1","0","2","1","17","2","0","42","16","0","0","0","4","11","369","107","5","4","40","22","10","0","50","0"
"전라남도","광양시","여","0","1","2","0","1","0","0","0","1","0","0","0","33","0","0","0","0","2","13","188","17","10","126","412","2","0","33","0"
"전라남도","구례군","남","0","0","0","0","0","0","2","0","0","1","0","0","4","0","0","0","0","0","44","19","0","0","2","5","1","0","5","0"
"전라남도","구례군","여","0","0","0","0","0","0","0","0","0","0","0","0","5","0","0","0","0","0","6","40","3","0","25","82","0","0","1","0"
"전라남도","나주시","남","0","11","98","0","132","0","6","0","2","0","1","0","11","1","0","0","0","9","888","101","14","7","35","17","62","0","44","1"
"전라남도","나주시","여","0","6","150","1","122","0","1","0","0","0","0","0","31","0","0","0","0","3","159","170","21","16","90","299","20","1","34","0"
"전라남도","담양군","남","0","0","1","0","0","0","3","0","4","0","0","0","2","0","0","0","0","1","473","37","0","0","4","7","6","0","10","1"
"전라남도","담양군","여","0","0","0","0","0","0","2","0","0","0","0","0","8","0","0","0","0","0","259","55","7","0","21","137","1","0","10","0"
"전라남도","목포시","남","0","5","57","2","67","0","4","1","3","50","2","674","35","1","0","0","0","14","293","155","10","23","33","34","28","0","100","1"
"전라남도","목포시","여","0","13","46","1","41","0","2","0","0","1","1","0","59","0","0","0","3","1","25","267","27","26","142","525","5","0","91","0"
"전라남도","무안군","남","1","9","224","0","45","0","0","3","2","11","3","6","8","4","0","0","0","17","452","83","3","2","6","7","3","0","19","0"
"전라남도","무안군","여","0","5","204","0","30","0","0","0","0","0","1","0","16","2","0","0","0","1","76","117","10","10","50","244","0","0","12","0"
"전라남도","보성군","남","0","0","0","0","0","0","0","0","0","0","0","0","9","0","0","0","0","1","146","44","3","0","3","0","1","0","7","0"
"전라남도","보성군","여","0","0","0","0","9","0","0","0","0","0","0","0","9","0","0","0","0","0","41","54","15","0","14","126","3","0","5","0"
"전라남도","순천시","남","0","1","65","0","77","0","10","0","3","0","4","0","41","13","0","0","0","7","324","121","10","13","42","35","5","0","55","1"
"전라남도","순천시","여","0","1","47","0","46","0","1","0","2","0","2","0","65","5","0","0","9","2","10","178","33","19","129","438","0","0","44","0"
"전라남도","신안군","남","0","0","0","0","0","0","0","0","0","0","0","48","6","0","0","0","0","3","420","41","3","0","2","0","1","0","6","0"
"전라남도","신안군","여","0","0","0","0","0","0","0","0","0","0","0","0","1","0","0","0","0","0","4","58","5","0","11","156","0","0","2","0"
"전라남도","여수시","남","0","1","47","1","2","0","11","2","24","0","3","1429","35","7","0","0","6","9","1048","144","15","3","40","29","7","1","36","0"
"전라남도","여수시","여","0","3","18","0","11","0","3","0","0","0","1","0","45","2","0","0","13","4","46","219","32","15","198","609","1","1","25","0"
"전라남도","영광군","남","0","0","1","0","0","0","1","0","0","0","0","35","9","0","0","0","0","0","334","54","2","2","19","3","2","0","32","0"
"전라남도","영광군","여","0","0","0","0","1","0","0","0","0","0","1","0","11","0","0","0","0","0","5","98","3","0","39","187","0","0","19","0"
"전라남도","영암군","남","0","18","15","0","10","0","0","0","3","14","0","8","6","0","0","0","1","78","1886","139","25","9","117","39","56","0","259","0"
"전라남도","영암군","여","0","0","8","0","7","0","0","0","0","0","0","0","8","0","0","0","16","1","59","232","42","30","129","318","5","0","150","0"
"전라남도","완도군","남","0","0","0","0","0","0","0","0","1","0","0","64","6","0","0","0","0","3","1229","65","0","0","3","3","6","0","24","0"
"전라남도","완도군","여","0","0","0","0","0","0","1","0","0","0","0","0","5","0","0","0","0","0","4","100","3","0","26","201","0","0","25","0"
"전라남도","장성군","남","0","2","1","0","1","0","1","0","1","0","0","0","3","0","0","0","0","6","598","64","0","0","10","6","8","0","14","8"
"전라남도","장성군","여","0","0","2","0","1","0","0","0","0","0","0","0","3","0","0","0","0","2","76","103","7","2","33","182","3","0","7","4"
"전라남도","장흥군","남","0","0","0","0","0","0","0","0","0","1","0","0","6","0","0","0","0","1","172","35","0","0","3","4","0","0","14","0"
"전라남도","장흥군","여","0","0","0","0","0","0","0","0","0","0","0","0","8","0","0","0","0","1","35","66","9","1","28","155","0","0","11","0"
"전라남도","진도군","남","0","1","0","0","0","0","0","3","6","0","0","41","7","0","0","0","0","5","909","39","0","0","1","0","2","0","6","0"
"전라남도","진도군","여","0","0","0","0","0","0","0","0","3","0","0","0","9","0","0","0","0","0","1","57","4","0","14","130","0","0","5","0"
"전라남도","함평군","남","0","0","0","0","0","0","0","0","0","0","0","0","4","0","0","0","0","0","342","33","0","0","1","1","3","0","7","0"
"전라남도","함평군","여","0","0","0","0","0","0","0","0","0","0","0","0","5","0","0","0","0","0","65","42","3","0","26","115","0","0","9","0"
"전라남도","해남군","남","0","5","0","0","0","0","1","0","0","0","0","0","9","0","0","0","0","5","680","79","4","0","5","2","5","0","40","0"
"전라남도","해남군","여","0","0","0","0","1","0","0","0","0","0","0","0","12","0","0","0","0","0","50","120","15","0","42","275","1","0","14","0"
"전라남도","화순군","남","0","0","17","0","2","0","1","0","0","0","0","0","7","5","0","0","0","0","294","62","2","4","12","4","10","0","23","0"
"전라남도","화순군","여","0","0","13","0","0","0","0","0","0","0","0","0","15","2","0","0","0","0","83","102","6","6","71","204","0","1","10","0"
"전라북도","고창군","남","0","0","0","0","1","0","0","0","0","0","0","1","7","0","0","0","0","0","337","48","0","1","2","3","7","0","70","0"
"전라북도","고창군","여","0","0","2","0","0","0","0","0","0","0","0","0","8","0","0","0","0","0","34","81","16","0","53","226","2","0","35","0"
"전라북도","군산시","남","0","11","186","3","124","0","3","1","12","2","1","339","30","9","0","0","2","38","1790","213","41","9","151","71","45","0","229","35"
"전라북도","군산시","여","0","2","123","4","76","0","0","0","0","0","1","0","49","3","0","0","51","1","45","343","67","25","274","680","15","0","133","29"
"전라북도","김제시","남","0","2","1","4","0","0","3","0","3","0","0","0","2","0","0","0","0","11","1106","80","7","6","31","16","23","0","26","0"
"전라북도","김제시","여","0","1","2","0","1","0","0","0","1","0","0","0","9","0","0","0","0","1","104","130","16","9","63","279","5","0","10","0"
"전라북도","남원시","남","0","0","1","0","0","0","3","0","0","0","0","0","5","0","0","0","1","2","229","89","5","2","13","11","17","0","29","0"
"전라북도","남원시","여","0","0","1","0","0","0","0","0","0","0","0","0","11","0","0","0","1","0","26","141","11","3","74","279","1","0","21","0"
"전라북도","무주군","남","0","0","0","0","0","0","0","0","0","0","0","0","6","0","0","0","0","2","23","37","1","0","2","3","0","0","7","0"
"전라북도","무주군","여","0","0","0","0","0","0","0","0","0","0","0","0","3","0","0","0","1","0","1","48","7","0","22","81","0","0","6","0"
"전라북도","부안군","남","0","0","0","0","1","0","0","0","0","0","0","8","4","0","0","0","4","1","161","56","0","0","4","4","25","0","15","0"
"전라북도","부안군","여","0","0","0","0","0","0","0","0","0","0","0","0","8","0","0","0","4","0","29","92","5","0","47","173","2","0","15","0"
"전라북도","순창군","남","0","0","0","0","0","0","0","0","0","0","0","0","5","0","0","0","0","0","74","36","1","0","5","2","0","0","7","0"
"전라북도","순창군","여","0","0","0","0","0","0","0","0","0","0","0","0","5","0","0","0","0","0","20","44","5","1","41","113","0","0","2","0"
"전라북도","완주군","남","0","10","157","1","182","0","0","0","1","0","2","0","2","5","0","0","1","12","718","117","6","5","21","14","25","0","93","0"
"전라북도","완주군","여","0","3","196","0","42","0","0","0","0","0","0","0","4","2","0","0","0","1","260","187","16","11","60","314","1","0","38","0"
"전라북도","익산시","남","0","7","307","12","416","0","2","0","8","1","4","0","22","17","0","0","0","45","1196","203","21","34","124","73","78","0","81","0"
"전라북도","익산시","여","0","5","334","42","261","0","2","0","0","0","6","0","30","4","0","0","1","3","334","349","50","43","268","700","13","0","71","0"
"전라북도","임실군","남","0","0","0","1","0","0","0","0","0","0","0","0","4","0","0","0","0","1","129","43","0","0","4","2","1","0","2","0"
"전라북도","임실군","여","0","0","0","0","0","0","0","0","0","0","0","0","5","0","0","0","0","1","13","69","11","0","13","111","0","0","3","0"
"전라북도","장수군","남","0","0","0","0","0","0","0","0","0","0","0","0","2","0","0","0","0","4","140","26","0","0","3","3","0","0","9","0"
"전라북도","장수군","여","0","0","0","0","0","0","0","0","0","0","0","0","2","0","0","0","0","0","34","41","7","3","24","81","0","0","2","0"
"전라북도","전주시 덕진구","남","1","21","557","2","285","0","4","0","4","0","8","0","31","72","0","0","5","19","363","157","26","127","42","39","36","3","72","1"
"전라북도","전주시 덕진구","여","1","28","772","2","173","0","4","0","0","0","5","0","58","8","0","0","0","1","52","265","43","172","154","488","8","0","56","1"
"전라북도","전주시 완산구","남","1","21","425","1","210","0","6","0","2","0","10","0","59","17","0","0","0","33","105","154","21","35","66","53","11","0","70","0"
"전라북도","전주시 완산구","여","5","13","346","0","198","0","11","0","1","0","10","0","66","5","0","0","0","4","4","223","32","47","174","492","2","1","53","0"
"전라북도","정읍시","남","0","0","15","3","93","0","1","0","0","0","0","0","5","3","0","0","0","4","927","114","12","2","39","26","20","1","88","0"
"전라북도","정읍시","여","0","2","12","7","54","0","5","0","1","0","0","0","16","0","0","0","0","0","65","176","19","5","92","360","5","0","58","0"
"전라북도","진안군","남","0","0","0","0","0","0","0","0","0","0","0","0","3","0","0","0","0","1","81","33","1","0","2","4","0","0","6","0"
"전라북도","진안군","여","0","0","0","8","0","0","0","0","0","0","0","0","6","0","0","0","0","0","27","40","4","0","27","96","0","0","1","0"
"제주특별자치도","서귀포시","남","0","4","2","0","6","0","3","1","26","1","0","710","26","3","0","0","90","547","1396","150","1146","141","94","66","13","1","140","3"
"제주특별자치도","서귀포시","여","0","5","9","0","22","0","2","0","14","2","0","0","31","2","0","0","48","757","40","271","1225","160","152","561","16","2","95","5"
"제주특별자치도","제주시","남","1","32","462","0","195","0","9","46","46","2","8","1003","106","12","0","1","60","553","2062","417","1165","50","482","193","118","0","303","23"
"제주특별자치도","제주시","여","1","39","548","0","205","0","10","5","23","0","5","0","108","3","0","0","34","998","105","709","1284","71","662","1198","76","12","227","29"
"충청남도","계룡시","남","0","1","0","0","1","0","16","0","0","1","0","1","8","0","0","0","0","3","27","16","0","0","10","3","0","0","5","0"
"충청남도","계룡시","여","0","0","0","0","0","0","6","0","0","0","0","0","8","0","0","0","0","1","5","27","3","2","13","45","0","0","5","0"
"충청남도","공주시","남","1","4","99","0","48","0","3","0","2","1","2","0","17","2","0","0","0","8","534","99","11","7","36","39","3","0","74","1"
"충청남도","공주시","여","0","6","187","0","37","0","33","0","0","0","1","0","25","1","0","0","0","0","72","157","22","14","70","325","1","0","54","0"
"충청남도","금산군","남","0","6","113","0","180","0","0","0","0","0","0","0","5","0","0","0","0","4","568","89","3","4","7","4","6","1","34","0"
"충청남도","금산군","여","0","2","82","1","124","0","0","0","1","0","0","0","7","0","0","0","0","1","260","119","11","2","43","222","0","0","14","0"
"충청남도","논산시","남","0","3","77","0","114","0","1","0","6","1","1","0","8","0","0","0","0","7","1353","134","18","12","43","25","73","0","170","3"
"충청남도","논산시","여","0","7","71","1","84","0","2","0","1","0","4","0","8","0","0","0","4","1","860","213","37","26","88","369","12","0","114","1"
"충청남도","당진시","남","0","5","36","0","3","0","1","2","1","0","0","0","4","0","0","0","3","44","2079","221","36","3","186","46","93","0","797","0"
"충청남도","당진시","여","0","5","33","1","5","0","0","0","1","0","1","0","22","0","0","0","1","4","77","362","65","12","289","523","12","0","404","0"
"충청남도","보령시","남","0","0","23","17","3","0","3","0","1","0","0","696","12","0","0","0","0","6","1217","73","13","0","48","12","9","0","48","0"
"충청남도","보령시","여","0","0","1","0","0","0","0","0","0","0","0","1","7","0","0","0","1","0","77","96","13","0","80","283","1","0","62","0"
"충청남도","부여군","남","0","0","2","0","0","0","0","0","0","0","2","0","1","0","0","0","0","3","491","68","0","0","7","5","10","0","35","0"
"충청남도","부여군","여","0","0","6","0","0","0","0","0","0","0","0","0","8","0","0","0","0","0","121","116","15","0","42","255","1","0","21","0"
"충청남도","서산시","남","0","8","204","8","109","0","2","0","2","0","13","7","43","0","0","0","0","25","656","170","58","9","284","42","40","0","519","0"
"충청남도","서산시","여","0","4","289","0","101","0","1","0","0","0","2","0","33","0","0","0","3","0","52","312","98","8","278","427","7","0","277","0"
"충청남도","서천군","남","0","0","0","0","3","0","0","0","0","0","0","295","0","1","0","0","0","0","536","37","6","0","19","2","0","0","20","1"
"충청남도","서천군","여","0","0","0","0","2","0","0","0","0","0","0","0","10","0","0","0","2","0","38","61","9","0","41","151","1","0","12","0"
"충청남도","아산시","남","0","14","561","45","186","0","8","2","31","4","12","0","34","13","0","0","2","57","4449","848","80","13","438","165","103","0","3061","11"
"충청남도","아산시","여","0","9","817","3","210","0","0","0","1","1","7","0","43","2","0","0","2","6","238","1151","139","45","519","916","11","0","1938","9"
"충청남도","예산군","남","0","0","4","1","0","0","2","0","0","0","0","0","9","0","0","0","0","11","1043","99","10","3","56","17","15","0","186","0"
"충청남도","예산군","여","0","0","9","0","0","0","0","0","0","0","0","0","11","0","0","0","1","3","66","136","25","0","77","265","2","0","105","0"
"충청남도","천안시 동남구","남","0","18","386","6","328","0","4","1","13","2","12","0","38","13","0","0","1","50","1845","334","80","41","316","108","86","0","1321","0"
"충청남도","천안시 동남구","여","0","11","474","4","334","0","1","0","1","0","3","0","45","3","0","0","1","8","147","507","109","41","422","624","22","0","809","0"
"충청남도","천안시 서북구","남","0","14","284","10","210","0","4","0","36","0","35","1","64","23","0","0","2","93","2973","408","100","60","383","134","79","2","1364","2"
"충청남도","천안시 서북구","여","0","23","284","17","231","0","5","0","4","1","24","0","76","0","0","0","3","22","264","593","129","80","538","802","7","1","915","2"
"충청남도","청양군","남","0","1","1","0","0","0","0","0","0","0","0","0","3","0","0","0","1","0","220","37","2","0","7","1","1","0","21","0"
"충청남도","청양군","여","0","0","0","0","0","0","0","0","0","0","0","0","4","0","0","0","0","0","57","55","4","0","18","139","0","0","17","0"
"충청남도","태안군","남","0","1","1","0","1","0","0","0","2","1","0","442","6","0","0","0","1","14","362","45","8","0","23","2","2","0","48","0"
"충청남도","태안군","여","0","0","0","0","0","0","0","0","0","0","0","0","14","0","0","0","2","4","12","75","6","0","57","183","0","0","32","0"
"충청남도","홍성군","남","0","1","14","0","14","0","2","0","6","0","1","15","10","0","0","0","0","4","1000","102","13","0","45","16","12","0","200","0"
"충청남도","홍성군","여","0","2","46","0","10","0","1","0","0","0","1","0","18","0","0","0","0","0","66","135","17","2","102","262","3","0","76","0"
"충청북도","괴산군","남","0","0","29","0","7","0","1","0","0","0","0","0","3","0","0","0","0","1","351","22","3","0","12","7","5","0","69","0"
"충청북도","괴산군","여","0","0","38","0","6","0","0","0","0","0","0","0","4","0","0","0","0","0","41","43","4","1","28","107","0","0","18","0"
"충청북도","단양군","남","0","0","0","0","0","0","0","0","0","0","0","0","1","0","0","0","0","0","76","19","4","0","5","5","0","0","6","0"
"충청북도","단양군","여","0","0","0","0","0","0","0","0","0","0","0","0","2","0","0","0","0","0","1","27","4","0","16","63","0","0","5","0"
"충청북도","보은군","남","0","0","0","0","0","0","1","0","1","0","0","0","2","0","0","0","0","2","152","38","0","2","7","3","4","0","33","0"
"충청북도","보은군","여","0","0","0","0","0","0","5","0","0","0","0","0","2","0","0","0","0","1","20","54","7","3","20","119","2","0","7","0"
"충청북도","영동군","남","0","0","10","0","0","0","0","0","0","0","0","0","2","0","0","0","0","0","189","36","2","0","9","7","2","0","18","0"
"충청북도","영동군","여","0","1","16","0","0","0","2","0","0","0","0","0","3","0","0","0","0","0","9","59","16","0","36","130","0","0","11","0"
"충청북도","옥천군","남","0","1","0","1","0","0","0","0","0","0","1","0","5","0","0","0","0","2","312","45","6","0","15","7","14","0","32","0"
"충청북도","옥천군","여","0","0","1","0","0","0","0","0","0","0","0","0","3","0","0","0","0","0","26","72","11","0","24","154","1","0","8","0"
"충청북도","음성군","남","0","1","21","1","11","0","4","0","6","2","0","0","6","2","0","0","0","27","4519","246","42","7","156","42","255","0","1111","1"
"충청북도","음성군","여","0","4","28","1","9","0","3","0","0","0","0","0","8","1","0","0","0","2","531","379","53","13","186","471","19","0","579","0"
"충청북도","제천시","남","1","3","61","0","59","0","1","0","0","0","5","0","17","0","0","0","0","4","303","86","12","4","70","26","3","0","64","1"
"충청북도","제천시","여","0","3","60","0","65","0","3","0","0","0","2","0","19","0","0","0","2","0","23","132","27","9","100","277","0","0","34","0"
"충청북도","증평군","남","0","0","1","0","0","0","0","0","0","1","0","0","1","1","0","0","0","7","150","28","10","1","21","17","8","0","80","0"
"충청북도","증평군","여","0","1","0","0","2","0","0","0","0","0","0","0","1","0","0","0","0","1","19","63","6","3","58","141","0","0","51","0"
"충청북도","진천군","남","0","1","2","6","5","0","0","0","5","1","0","0","6","0","0","0","2","26","2489","234","31","5","100","57","230","0","808","0"
"충청북도","진천군","여","0","1","3","8","5","0","0","0","0","2","0","0","11","1","0","0","1","1","177","373","45","10","126","327","36","0","440","0"
"충청북도","청주시 상당구","남","0","1","26","0","5","0","0","0","2","0","2","0","7","0","0","0","0","14","188","75","15","2","74","22","9","0","91","1"
"충청북도","청주시 상당구","여","0","2","7","0","1","0","1","0","0","0","1","0","14","0","0","0","1","5","14","132","30","2","147","303","2","1","67","0"
"충청북도","청주시 서원구","남","0","5","304","0","67","0","4","0","0","0","7","0","32","11","0","0","0","18","296","124","17","21","47","36","16","1","273","1"
"충청북도","청주시 서원구","여","0","6","323","0","53","0","2","0","0","0","2","0","35","4","0","0","0","4","4","170","26","39","75","207","11","1","200","2"
"충청북도","청주시 청원구","남","1","7","235","6","147","0","1","1","43","0","16","0","31","16","0","0","0","35","996","118","33","20","90","53","19","0","295","0"
"충청북도","청주시 청원구","여","2","8","224","2","102","0","6","0","0","0","3","0","20","0","0","0","3","11","88","205","39","36","139","327","8","1","217","0"
"충청북도","청주시 흥덕구","남","0","8","263","6","105","0","2","0","10","2","1","0","29","12","0","0","0","60","742","322","33","48","168","94","34","0","682","1"
"충청북도","청주시 흥덕구","여","0","18","237","32","102","0","2","2","0","1","1","0","41","1","0","0","3","9","113","419","79","66","240","523","9","0","493","0"
"충청북도","충주시","남","2","6","254","5","396","0","1","0","4","35","4","0","12","1","0","0","0","11","1753","136","12","9","97","62","67","0","322","1"
"충청북도","충주시","여","0","5","277","0","202","0","2","0","2","0","1","0","20","0","0","0","9","1","291","220","39","12","147","451","14","0","160","0"
